{
    "평원" : {
        "items" : {
            "풀" : {"number" : [100, 200]},
            "나무" : {"number" : [10, 20], "exist" : 0.7},
            "막대기" : {"number" : [15, 30], "bothExist" : "나무"},
            "나무 묘목" : {"number" : [5, 10], "bothExist" : "나무"},
            "흙" : {"number" : [100, 200]},
            "돌맹이" : {"number" : [20, 40]},
            "점토" : {"number" : [50, 100], "exist" : 0.5}
        }
    },
    "숲" : {
        "items" : {
            "풀" : {"number" : [50, 100]},
            "나무" : {"number" : [100, 200]},
            "막대기" : {"number" : [150, 300]},
            "나무 묘목" : {"number" : [50, 100]},
            "흙" : {"number" : [100, 200]},
            "돌맹이" : {"number" : [20, 40]},
            "조약돌" : {"number" : [20, 40], "exist" : 0.5}
        }
    },
    "산" : {
        "items" : {
            "풀" : {"number" : [100, 200]},
            "나무" : {"number" : [100, 200]},
            "막대기" : {"number" : [150, 300]},
            "나무 묘목" : {"number" : [50, 100]},
            "흙" : {"number" : [100, 200]},
            "돌맹이" : {"number" : [50, 100]},
            "조약돌" : {"number" : [50, 100]},
            "자갈" : {"number" : [20, 40], "exist" : 0.5},
            "물" : {"number" : [20, 40], "exist" : 0.5}
        }
    },
    "강" : {
        "items" : {
            "풀" : {"number" : [50, 100]},
            "나무" : {"number" : [10, 20], "exist" : 0.5},
            "막대기" : {"number" : [15, 30], "bothExist" : "나무"},
            "나무 묘목" : {"number" : [5, 10], "bothExist" : "나무"},
            "흙" : {"number" : [100, 200]},
            "모래" : {"number" : [50, 100]},
            "돌맹이" : {"number" : [20, 40]},
            "조약돌" : {"number" : [20, 40], "exist" : 0.5},
            "자갈" : {"number" : [50, 100]},
            "점토" : {"number" : [50, 100]},
            "물" : {"number" : [200, 400]}
        }
    },
    "사막" : {
        "items" : {
            "모래" : {"number" : [200, 400]},
            "풀" : {"number" : [20, 40], "exist" : 0.2}
        }
    },
    "바다" : {
        "items" : {
            "풀" : {"number" : [20, 40], "exist" : 0.5},
            "흙" : {"number" : [100, 200]},
            "모래" : {"number" : [100, 200]},
            "자갈" : {"number" : [100, 200]},
            "바닷물" : {"number" : [500, 1000]}
        }
    }
}