{
    "풀" : {"collectTime" : 0.5, "type" : "item"},
    "끈" : {"type" : "item"},
    "막대기" : {"collectTime" : 0.5, "heat" : 0.5, "type" : "item"},
    "돌맹이" : {"collectTime" : 0.5, "type" : "item"},
    "섬유 망" : {"stack" : 1, "durability" : 30, "type" : "tool"},
    "자갈" : {"collectTime" : 2, "effective" : "shovel", "tier" : 0, "type" : "item"},
    "흙" : {"collectTime" : 2, "effective" : "shovel", "tier" : 0, "type" : "item"},
    "부싯돌" : {"type" : "item"},
    "나무" : {"collectTime" : 5, "effective" : "axe", "tier" : 1, "heat" : 2, "type" : "item"},
    "조합대" : {"collectTime" : 5, "effective" : "axe", "tier" : 0, "type" : "use"},
    "돌 도끼" : {"stack" : 1, "durability" : 50, "class" : "axe", "tier" : 1, "speed" : 2, "damage" : 3, "type" : "tool"},
    "돌 곡괭이" : {"stack" : 1, "durability" : 50, "class" : "pickaxe", "tier" : 1, "speed" : 2, "type" : "tool"},
    "돌 삽" : {"stack" : 1, "durability" : 50, "class" : "shovel", "tier" : 1, "speed" : 2, "type" : "tool"},
    "돌 칼" : {"stack" : 1, "durability" : 50, "class" : "sword", "damage" : 4, "type" : "tool"},
    "돌 괭이" : {"stack" : 1, "durability" : 50, "class" : "hoe", "tier" : 1, "speed" : 2, "type" : "tool"},
    "조약돌" : {"collectTime" : 10, "effective" : "pickaxe", "tier" : 1, "type" : "item"},
    "조약돌 반블럭" : {"type" : "item"},
    "점토" : {"collectTime" : 2, "effective" : "shovel", "tier" : 0, "type" : "item"},
    "나무 판자" : {"heat" : 1, "type" : "item"},
    "나무 반블럭" : {"type" : "item"},
    "모래" : {"collectTime" : 2, "effective" : "shovel", "tier" : 0, "type" : "item"},
    "나무 묘목" : {"collectTime" : 1, "growtime" : 1000, "items" : {"나무" : {"number" : [4, 8]}, "막대기" : {"number" : [6, 10]}, "나무 묘목" : {"number" : [2, 4]}}, "type" : "seed"},
    "뼈" : {"type" : "item"},
    "돌" : {"type" : "item"},
    "돌 반블럭" : {"type" : "item"},
    "가마" : {"collectTime" : 5, "fuelconsume" : 2, "fuelinven" : {"size" : 1, "itemtype" : ["나무", "나무 판자"]}, "inven" : {"size" : 1, "canItem" : true}, "outinven" : {"size" : 1}, "type" : "auto"},
    "맷돌" : {"collectTime" : 5, "stamina" : 5, "type" : "use"},
    "점토 병" : {"stack" : 1, "type" : "item"},
    "점토 항아리" : {"stack" : 1, "type" : "item"},
    "점토 도끼 틀" : {"stack" : 1, "type" : "item"},
    "세라믹 병" : {"stack" : 1, "inven" : {"size" : 1, "includeItem" : ["물"]}, "type" : "hold"},
    "세라믹 항아리" : {"stack" : 1, "inven" : {"size" : 4, "canItem" : true, "excludeItem" : ["세라믹 항아리", "세라믹 병"]}, "type" : "hold"},
    "세라믹 도끼 틀" : {"stack" : 1, "type" : "item"},
    "통" : {"stack" : 1, "inven" : {"size" : 1, "liquidItem" : true, "liquidStack" : 10}, "type" : "auto"},
    "물" : {"collectTime" : 0.5, "stack" : 1, "type" : "liquid"},
    "상자" : {"collectTime" : 5, "effective" : "axe", "type" : "store", "inven" : {"size" : 20, "canItem" : true}}
}
