{
    "가죽" : {"type" : "item"},
    "구리 광석" : {"collectTime" : 5, "effective" : "pickaxe", "tier" : 2, "amount" : 0.25, "type" : "item"},
    "끈" : {"type" : "item"},
    "나무" : {"collectTime" : 5, "effective" : "axe", "tier" : 1, "heat" : 2, "type" : "item"},
    "나무 판자" : {"heat" : 1, "type" : "item"},
    "돌" : {"type" : "item"},
    "돌맹이" : {"collectTime" : 0.5, "type" : "item"},
    "막대기" : {"collectTime" : 0.5, "heat" : 0.5, "type" : "item"},
    "모래" : {"collectTime" : 2, "effective" : "shovel", "tier" : 0, "type" : "item"},
    "밧줄" : {"type" : "item"},
    "부싯돌" : {"type" : "item"},
    "뼈" : {"type" : "item"},
    "자갈" : {"collectTime" : 2, "effective" : "shovel", "tier" : 0, "type" : "item"},
    "작은 구리 광석" : {"collectTime" : 1, "amount" : 0.1, "type" : "item"},
    "점토" : {"collectTime" : 2, "effective" : "shovel", "tier" : 0, "type" : "item"},
    "점토 곡괭이 거푸집" : {"stack" : 1, "type" : "item"},
    "점토 괭이 거푸집" : {"stack" : 1, "type" : "item"},
    "점토 도끼 거푸집" : {"stack" : 1, "type" : "item"},
    "점토 망치 거푸집" : {"stack" : 1, "type" : "item"},
    "점토 병" : {"stack" : 1, "type" : "item"},
    "점토 삽 거푸집" : {"stack" : 1, "type" : "item"},
    "점토 주괴 거푸집" : {"stack" : 1, "type" : "item"},
    "점토 칼 거푸집" : {"stack" : 1, "type" : "item"},
    "점토 탐사 곡괭이 거푸집" : {"stack" : 1, "type" : "item"},
    "점토 톱 거푸집" : {"stack" : 1, "type" : "item"},
    "점토 항아리" : {"stack" : 1, "type" : "item"},
    "조약돌" : {"collectTime" : 10, "effective" : "pickaxe", "tier" : 1, "type" : "item"},
    "지지대" : {"type" : "item"},
    "풀" : {"collectTime" : 0.5, "type" : "item"},
    "흙" : {"collectTime" : 2, "effective" : "shovel", "tier" : 0, "type" : "item"},
    "녹은 구리" : {"stack" : 1, "type" : "liquid"},
    "물" : {"collectTime" : 0.5, "stack" : 1, "type" : "liquid"},
    "세라믹 곡괭이 거푸집" : {"stack" : 1, "type" : "item"},
    "세라믹 괭이 거푸집" : {"stack" : 1, "type" : "item"},
    "세라믹 도끼 거푸집" : {"stack" : 1, "type" : "item"},
    "세라믹 망치 거푸집" : {"stack" : 1, "type" : "item"},
    "세라믹 병" : {"stack" : 1, "inven" : {"size" : 1, "includeItem" : ["물"]}, "type" : "hold"},
    "세라믹 삽 거푸집" : {"stack" : 1, "type" : "item"},
    "세라믹 주괴 거푸집" : {"stack" : 1, "type" : "item"},
    "세라믹 칼 거푸집" : {"stack" : 1, "type" : "item"},
    "세라믹 탐사 곡괭이 거푸집" : {"stack" : 1, "type" : "item"},
    "세라믹 톱 거푸집" : {"stack" : 1, "type" : "item"},
    "세라믹 항아리" : {"stack" : 1, "inven" : {"size" : 4, "canItem" : true, "excludeItem" : ["세라믹 항아리", "세라믹 병"]}, "type" : "hold"},
    "나무 묘목" : {"collectTime" : 1, "growtime" : 1000, "items" : {"나무" : {"number" : [4, 8]}, "막대기" : {"number" : [6, 10]}, "나무 묘목" : {"number" : [2, 4]}}, "type" : "seed"},
    "섬유 망" : {"stack" : 1, "durability" : 30, "type" : "tool"},
    "돌 도끼" : {"stack" : 1, "durability" : 50, "class" : "axe", "tier" : 1, "speed" : 2, "damage" : 3, "type" : "tool"},
    "돌 삽" : {"stack" : 1, "durability" : 50, "class" : "shovel", "tier" : 1, "speed" : 2, "type" : "tool"},
    "돌 칼" : {"stack" : 1, "durability" : 50, "class" : "sword", "damage" : 4, "type" : "tool"},
    "돌 망치" : {"stack" : 1, "durability" : 50, "class" : "hammer", "tier" : 1, "damage" : 3, "type" : "tool"},
    "가방" : {"type" : "wear"},
    "가죽 갑옷" : {"type" : "wear"},
    "가죽 모자" : {"type" : "wear"},
    "가죽 바지" : {"type" : "wear"},
    "가죽 신발" : {"type" : "wear"},
    "안장" : {"type" : "wear"},
    "상자" : {"collectTime" : 5, "effective" : "axe", "type" : "store", "inven" : {"size" : 20, "canItem" : true}},
    "통" : {"stack" : 1, "inven" : {"size" : 1, "liquidItem" : true, "liquidStack" : 10}, "type" : "store"},
    "맷돌" : {"collectTime" : 5, "stamina" : 5, "type" : "use"},
    "조합대" : {"collectTime" : 5, "effective" : "axe", "tier" : 0, "type" : "use"},
    "모닥불" : {"collectTime" : 2, "tier" : 0, "type" : "auto"},
    "가마" : {"collectTime" : 5, "fuelconsume" : 2, "fuelinven" : {"size" : 1, "itemtype" : ["나무", "나무 판자"]}, "inven" : {"size" : 1, "canItem" : true}, "outinven" : {"size" : 1}, "type" : "auto"},
    "세라믹 용광로" : {}
}
