{"123456":{"name":"sender","inven":[{"name":"돌 칼","number":1,"type":"tool","stack":1,"meta":{"durability":50,"class":"sword","tier":0,"speed":1,"damage":4},"nick":"돌 칼1"},{"name":"세라믹 항아리","number":1,"type":"hold","stack":1,"meta":{"inven":[{"name":"흙","number":6,"type":"item","stack":20}]},"nick":"세라믹 항아리2"},{"name":"돌 도끼","number":1,"type":"tool","stack":1,"meta":{"durability":16,"class":"axe","tier":1,"speed":2,"damage":3},"nick":"돌 도끼1"},{"name":"나무","number":8,"type":"item","stack":20},{"name":"돌맹이","number":8,"type":"item","stack":20},{"name":"막대기","number":6,"type":"item","stack":20},{"name":"돌 곡괭이","number":1,"type":"tool","stack":1,"meta":{"durability":50,"class":"pickaxe","tier":1,"speed":2,"damage":0},"nick":"돌 곡괭이1"},{"name":"조합대","number":8,"type":"use","stack":20},{"name":"세라믹 항아리","number":1,"type":"hold","stack":1,"meta":{"inven":[{"name":"흙","number":15,"type":"item","stack":20},{"name":"풀","number":12,"type":"item","stack":20}]},"nick":"세라믹 항아리1"},{"name":"나무 판자","number":16,"type":"item","stack":20},{"name":"끈","number":2,"type":"item","stack":20},{"name":"상자","number":1,"type":"store","stack":20,"meta":{"inven":[]}}],"location":"base","map":{"base":{"type":"plane","coord":[0,0],"dumpItems":[{"name":"흙","number":2,"type":"item","stack":20},{"name":"풀","number":4,"type":"item","stack":20},{"name":"돌 칼","number":1,"type":"tool","stack":1,"meta":{"durability":50,"class":"sword","tier":0,"speed":1,"damage":4},"nick":"돌 칼1"},{"name":"나무 판자","number":40,"type":"item","stack":20}],"items":[{"name":"풀","number":43,"type":"item","stack":20},{"name":"막대기","number":26,"type":"item","stack":20},{"name":"나무 묘목","number":9,"type":"seed","stack":20},{"name":"흙","number":152,"type":"item","stack":20},{"name":"조약돌","number":89,"type":"item","stack":20},{"name":"돌맹이","number":26,"type":"item","stack":20},{"name":"물","number":24,"type":"liquid","stack":1}],"install":[{"name":"조합대","number":1,"type":"use","stack":20}]},"사막1":{"type":"사막","coord":[0,1],"dumpItems":[],"items":[],"install":[]},"숲1":{"type":"숲","coord":[1,1],"dumpItems":[],"items":[{"name":"풀","number":55,"type":"item","stack":20},{"name":"나무","number":141,"type":"item","stack":20},{"name":"막대기","number":198,"type":"item","stack":20},{"name":"나무 묘목","number":99,"type":"seed","stack":20},{"name":"흙","number":157,"type":"item","stack":20},{"name":"돌맹이","number":32,"type":"item","stack":20}],"install":[]},"산1":{"type":"산","coord":[1,2],"dumpItems":[],"items":[],"install":[]}},"busyTime":1669941581180,"tier":0,"message":null,"version":"0.4.2"}}