{"123456":{"name":"sender","inven":[{"name":"돌 칼","number":1,"type":"tool","stack":1,"meta":{"durability":50,"class":"sword","tier":0,"speed":1,"damage":4},"nick":"돌 칼1"},{"name":"돌 칼","number":1,"type":"tool","stack":1,"meta":{"durability":50,"class":"sword","tier":0,"speed":1,"damage":4},"nick":"돌 칼2"},{"name":"세라믹 항아리","number":1,"type":"hold","stack":1,"meta":{"inven":[{"name":"흙","number":4,"type":"item","stack":20},{"name":"풀","number":6,"type":"item","stack":20}]},"nick":"세라믹 항아리1"},{"name":"세라믹 항아리","number":1,"type":"hold","stack":1,"meta":{"inven":[{"name":"흙","number":6,"type":"item","stack":20}]},"nick":"세라믹 항아리2"},{"name":"흙","number":11,"type":"item","stack":20},{"name":"돌 도끼","number":1,"type":"tool","stack":1,"meta":{"durability":37,"class":"axe","tier":1,"speed":2,"damage":3},"nick":"돌 도끼1"},{"name":"나무","number":8,"type":"item","stack":20},{"name":"나무 판자","number":56,"type":"item","stack":20},{"name":"끈","number":0,"type":"item","stack":20},{"name":"풀","number":3,"type":"item","stack":20}],"location":"base","map":{"base":{"type":"plane","coord":[0,0],"dumpItems":[{"name":"흙","number":2,"type":"item","stack":20},{"name":"풀","number":3,"type":"item","stack":20}],"items":[{"name":"풀","number":64,"type":"item","stack":20},{"name":"막대기","number":26,"type":"item","stack":20},{"name":"나무 묘목","number":9,"type":"seed","stack":20},{"name":"흙","number":152,"type":"item","stack":20},{"name":"조약돌","number":89,"type":"item","stack":20},{"name":"돌맹이","number":26,"type":"item","stack":20},{"name":"물","number":24,"type":"liquid","stack":1}],"install":[]}},"busyTime":1668766225384,"tier":0,"message":null,"version":"0.3.0"}}